id,first_name,last_name,email,gender
1,David,Jordan,djordan0@home.pl,Male
2,Stephen,Riley,sriley1@hugedomains.com,Male
3,Evelyn,Grant,egrant2@livejournal.com,Female
4,Joe,Mendoza,jmendoza3@un.org,Male
5,Benjamin,Rodriguez,brodriguez4@elpais.com,Male
6,Kathleen,Crawford,kcrawford5@cbsnews.com,Female
7,Daniel,Marshall,dmarshall6@salon.com,Male
8,Diana,Coleman,dcoleman7@amazonaws.com,Female
9,Frances,Black,fblack8@webnode.com,Female
10,Tammy,Arnold,tarnold9@ebay.co.uk,Female
11,Jeffrey,Matthews,jmatthewsa@mapquest.com,Male
12,Roy,Harrison,rharrisonb@youtube.com,Male
13,Ernest,Bishop,ebishopc@intel.com,Male
14,Brian,Griffin,bgriffind@issuu.com,Male
15,Alice,Howell,ahowelle@boston.com,Female
16,Emily,Garza,egarzaf@51.la,Female
17,Sarah,Perez,sperezg@mail.ru,Female
18,Earl,Harvey,eharveyh@cpanel.net,Male
19,Larry,Watkins,lwatkinsi@archive.org,Male
20,Timothy,Edwards,tedwardsj@altervista.org,Male
21,Theresa,Phillips,tphillipsk@1688.com,Female
22,Timothy,Lawrence,tlawrencel@fema.gov,Male
23,Gregory,Daniels,gdanielsm@goo.ne.jp,Male
24,Laura,Ross,lrossn@delicious.com,Female
25,Martin,Burton,mburtono@stumbleupon.com,Male
26,Antonio,Chapman,achapmanp@trellian.com,Male
27,Tina,Lawson,tlawsonq@ed.gov,Female
28,Heather,Wallace,hwallacer@quantcast.com,Female
29,Mary,Stone,mstones@newyorker.com,Female
30,Angela,Flores,aflorest@deviantart.com,Female
31,Andrew,Hudson,ahudsonu@nymag.com,Male
32,Lillian,Boyd,lboydv@forbes.com,Female
33,Julia,Hawkins,jhawkinsw@ocn.ne.jp,Female
34,Alice,Sullivan,asullivanx@shinystat.com,Female
35,Adam,Tucker,atuckery@nasa.gov,Male
36,Rebecca,Fernandez,rfernandezz@symantec.com,Female
37,Frank,Bailey,fbailey10@google.com.hk,Male
38,Julia,Stephens,jstephens11@storify.com,Female
39,Ann,Carroll,acarroll12@msu.edu,Female
40,Kenneth,Duncan,kduncan13@ehow.com,Male
41,Roy,Flores,rflores14@ameblo.jp,Male
42,Gary,Dixon,gdixon15@jiathis.com,Male
43,Lois,Pierce,lpierce16@surveymonkey.com,Female
44,Barbara,Olson,bolson17@desdev.cn,Female
45,Brian,Daniels,bdaniels18@yelp.com,Male
46,Helen,Campbell,hcampbell19@patch.com,Female
47,Adam,Banks,abanks1a@cam.ac.uk,Male
48,Frank,Murray,fmurray1b@ning.com,Male
49,Christina,Edwards,cedwards1c@stumbleupon.com,Female
50,Stephanie,Gonzalez,sgonzalez1d@patch.com,Female
51,Steven,Peterson,speterson1e@alibaba.com,Male
52,Robin,Sims,rsims1f@globo.com,Female
53,Gerald,Dean,gdean1g@prnewswire.com,Male
54,Kimberly,Ellis,kellis1h@mail.ru,Female
55,Brandon,Franklin,bfranklin1i@php.net,Male
56,Jane,Fuller,jfuller1j@nationalgeographic.com,Female
57,Andrew,Richardson,arichardson1k@mit.edu,Male
58,Adam,Robertson,arobertson1l@webmd.com,Male
59,Stephen,Hunt,shunt1m@eepurl.com,Male
60,Amanda,Carter,acarter1n@hc360.com,Female
61,Elizabeth,Edwards,eedwards1o@fotki.com,Female
62,Anna,Moreno,amoreno1p@linkedin.com,Female
63,Rebecca,Fisher,rfisher1q@weebly.com,Female
64,Jesse,Payne,jpayne1r@wufoo.com,Male
65,Tammy,Spencer,tspencer1s@newyorker.com,Female
66,Dorothy,Thomas,dthomas1t@moonfruit.com,Female
67,Gerald,Weaver,gweaver1u@sphinn.com,Male
68,Shawn,Dean,sdean1v@boston.com,Male
69,Rebecca,George,rgeorge1w@wikispaces.com,Female
70,Gerald,Johnson,gjohnson1x@rambler.ru,Male
71,Norma,Cox,ncox1y@pcworld.com,Female
72,Juan,Woods,jwoods1z@ask.com,Male
73,Terry,Ramos,tramos20@sitemeter.com,Male
74,David,Anderson,danderson21@ucoz.com,Male
75,Donald,Morgan,dmorgan22@wiley.com,Male
76,Billy,Bryant,bbryant23@hatena.ne.jp,Male
77,Willie,Stone,wstone24@4shared.com,Male
78,Terry,Porter,tporter25@mediafire.com,Male
79,Gloria,Edwards,gedwards26@discuz.net,Female
80,Janice,Payne,jpayne27@prnewswire.com,Female
81,Aaron,Black,ablack28@xing.com,Male
82,Joshua,Nichols,jnichols29@sciencedaily.com,Male
83,Donna,Ramos,dramos2a@whitehouse.gov,Female
84,Johnny,Romero,jromero2b@ed.gov,Male
85,Paula,Nelson,pnelson2c@wordpress.com,Female
86,Jack,Hamilton,jhamilton2d@scientificamerican.com,Male
87,Howard,Hart,hhart2e@ted.com,Male
88,Frank,Kim,fkim2f@foxnews.com,Male
89,Mildred,Jenkins,mjenkins2g@livejournal.com,Female
90,Betty,Dunn,bdunn2h@admin.ch,Female
91,Anna,Porter,aporter2i@unc.edu,Female
92,Ann,Spencer,aspencer2j@sina.com.cn,Female
93,Nicole,Cunningham,ncunningham2k@hugedomains.com,Female
94,Patricia,Dunn,pdunn2l@4shared.com,Female
95,Scott,Garrett,sgarrett2m@themeforest.net,Male
96,Adam,Banks,abanks2n@scientificamerican.com,Male
97,Antonio,Franklin,afranklin2o@loc.gov,Male
98,Joe,Allen,jallen2p@quantcast.com,Male
99,Rebecca,Russell,rrussell2q@wordpress.com,Female
100,Kathy,Sanchez,ksanchez2r@ebay.co.uk,Female
